Sr,Worst Perimeter,Worst Concave Points,Diagnosis
1`(20,99.7,0.1288,B)++
1`(21,96.09,0.07283,B)++
1`(22,65.13,0.06227,B)++
1`(38,84.46,0.05013,B)++
1`(47,57.26,0.02564,B)++
1`(49,89.88,0.06548,B)++
1`(50,99,0.1282,B)++
1`(51,82.98,0.03715,B)++
1`(52,96.08,0.08586,B)++
1`(53,83.67,0.06296,B)++
1`(56,81.81,0.06316,B)++
1`(59,90.24,0.01111,B)++
1`(60,59.9,0.04419,B)++
1`(61,69.86,0.02579,B)++
1`(62,62.06,0.02778,B)++
1`(64,65.59,0.05087,B)++
1`(67,67.03,0.06517,B)++
1`(68,78,0.06961,B)++
1`(69,65.5,0.175,B)++
1`(70,85.67,0.05882,B)++
1`(72,62.56,0.04786,B)++
1`(75,89.71,0.0866,B)++
1`(77,91.36,0.07407,B)++
1`(80,91.88,0.07926,B)++
1`(81,84.53,0.06127,B)++
1`(82,96.66,0.1708,B)++
1`(85,87.78,0.07632,B)++
1`(89,91.46,0.1205,B)++
1`(90,109.4,0.1397,B)++
1`(91,102.9,0.06946,B)++
1`(93,104.5,0.1001,B)++
1`(94,97.59,0.07911,B)++
1`(97,82.14,0.05882,B)++
1`(98,68.81,0.02381,B)++
1`(99,82.96,0.08449,B)++
1`(102,50.41,0,B)++
1`(103,84.58,0.07431,B)++
1`(104,72.22,0.09749,B)++
1`(105,74.22,0.03203,B)++
1`(107,85.51,0.1218,B)++
1`(108,85.56,0.08442,B)++
1`(110,83.99,0.08278,B)++
1`(111,71.68,0.05334,B)++
1`(112,89,0.1105,B)++
1`(113,107,0.1505,B)++
1`(114,72.62,0.06136,B)++
1`(115,64.48,0.105,B)++
1`(116,87.54,0.07247,B)++
1`(117,63.34,0.03846,B)++
1`(121,83.74,0.08958,B)++
1`(124,102.8,0.1221,B)++
1`(125,91.99,0.08978,B)++
1`(126,100.3,0.05104,B)++
1`(129,105.9,0.1423,B)++
1`(131,91.38,0.08187,B)++
1`(134,114.3,0.1374,B)++
1`(137,86.16,0.06968,B)++
1`(138,79.93,0.08476,B)++
1`(140,76.53,0.08611,B)++
1`(141,66.53,0,B)++
1`(143,82.66,0.06402,B)++
1`(144,97.17,0.1012,B)++
1`(145,77.79,0.03413,B)++
1`(146,86.26,0.06042,B)++
1`(148,107.1,0.08405,B)++
1`(149,108.6,0.1599,B)++
1`(150,97.19,0.06019,B)++
1`(151,90.82,0.06296,B)++
1`(152,58.08,0.07879,B)++
1`(153,71.04,0.1571,B)++
1`(154,76.25,0.05506,B)++
1`(155,97.67,0.09722,B)++
1`(156,86.6,0.08211,B)++
1`(158,120.3,0.08436,B)++
1`(159,84.08,0.07025,B)++
1`(160,78.07,0.03953,B)++
1`(161,88.91,0.07909,B)++
1`(164,87.36,0.08194,B)++
1`(166,102.3,0.05754,B)++
1`(167,73.66,0.04603,B)++
1`(170,104.6,0.08485,B)++
1`(171,86.97,0.09391,B)++
1`(174,72.01,0.04306,B)++
1`(175,73.2,0,B)++
1`(176,58.36,0,B)++
1`(177,73.07,0.0991,B)++
1`(179,88.18,0.009259,B)++
1`(180,86.7,0.0399,B)++
1`(184,79.12,0.06296,B)++
1`(186,75.39,0.01042,B)++
1`(188,84.42,0.1099,B)++
1`(189,79.57,0.04306,B)++
1`(190,86.65,0.04815,B)++
1`(192,89.04,0.04773,B)++
1`(193,62.25,0,B)++
1`(196,90.81,0.08235,B)++
1`(201,92.15,0.108,B)++
1`(205,96.05,0.1015,B)++
1`(207,67.08,0.05588,B)++
1`(209,99.48,0.1126,B)++
1`(210,113.7,0.1035,B)++
1`(212,85.22,0.06913,B)++
1`(217,86.2,0.1138,B)++
1`(218,75.4,0.03571,B)++
1`(221,99.71,0.08056,B)++
1`(222,101.1,0.0909,B)++
1`(223,71.94,0.05575,B)++
1`(225,98.84,0.09678,B)++
1`(226,110.4,0.1087,B)++
1`(227,73.47,0.04464,B)++
1`(228,114.2,0.1379,B)++
1`(229,90.67,0.118,B)++
1`(232,79.82,0.02083,B)++
1`(233,78.44,0.03002,B)++
1`(235,65.74,0.07222,B)++
1`(236,98.27,0.07963,B)++
1`(240,102.5,0.08219,B)++
1`(242,94.11,0.09222,B)++
1`(243,83.85,0.04052,B)++
1`(244,87.16,0.1218,B)++
1`(245,98,0.06106,B)++
1`(247,73.68,0.06736,B)++
1`(248,88.28,0.0497,B)++
1`(249,105,0.1561,B)++
1`(250,77.98,0.06136,B)++
1`(251,80.88,0.09608,B)++
1`(253,83.12,0.06544,B)++
1`(268,78.28,0.07926,B)++
1`(269,97.66,0.06189,B)++
1`(270,89.27,0.0578,B)++
1`(271,76.51,0.086,B)++
1`(272,94.44,0.03333,B)++
1`(273,78.27,0.0875,B)++
1`(275,68.09,0.05159,B)++
1`(277,79.46,0.08946,B)++
1`(278,77.37,0.01111,B)++
1`(280,98.91,0.05185,B)++
1`(281,98.37,0.09993,B)++
1`(283,84.7,0.0829,B)++
1`(286,92.12,0.1017,B)++
1`(287,85.56,0.008772,B)++
1`(288,92.2,0.1155,B)++
1`(289,87.4,0.05366,B)++
1`(290,78.27,0.09314,B)++
1`(291,79.29,0.06203,B)++
1`(292,101.7,0.1021,B)++
1`(293,109.1,0.1489,B)++
1`(294,88.81,0.1056,B)++
1`(295,84.35,0.0914,B)++
1`(296,88.54,0.06343,B)++
1`(297,94.17,0.05802,B)++
1`(298,72.42,0.03194,B)++
1`(300,105.8,0.0753,B)++
1`(301,70.1,0.03125,B)++
1`(303,88.13,0.07625,B)++
1`(305,70.76,0.06528,B)++
1`(306,82.69,0.05509,B)++
1`(307,81.39,0.04815,B)++
1`(308,92,0.025,B)++
1`(309,60.9,0.01389,B)++
1`(310,95.48,0.0221,B)++
1`(311,93.96,0.03532,B)++
1`(312,80.92,0.05741,B)++
1`(313,103.7,0.05813,B)++
1`(314,92.04,0.08411,B)++
1`(315,81.23,0.04715,B)++
1`(316,56.65,0,B)++
1`(317,84.48,0.02784,B)++
1`(318,81.6,0.01852,B)++
1`(320,68.62,0.1145,B)++
1`(321,81.76,0.02832,B)++
1`(322,71.53,0.09744,B)++
1`(324,92.8,0.1155,B)++
1`(326,91.11,0.05556,B)++
1`(327,88.7,0.05602,B)++
1`(328,98.4,0.0589,B)++
1`(329,82.74,0.02796,B)++
1`(333,99.21,0.09858,B)++
1`(334,76.91,0.02022,B)++
1`(335,82.08,0.01667,B)++
1`(336,84.53,0.03983,B)++
1`(338,87.38,0.0585,B)++
1`(340,71.98,0.06499,B)++
1`(342,111.4,0.1414,B)++
1`(343,71.25,0.0812,B)++
1`(344,79.76,0.1075,B)++
1`(346,84.16,0.07864,B)++
1`(347,70.89,0.04074,B)++
1`(348,86.54,0.05093,B)++
1`(349,114.2,0.1251,B)++
1`(350,79.67,0.06548,B)++
1`(351,83.09,0.04766,B)++
1`(352,83.61,0.04262,B)++
1`(356,79.62,0.03922,B)++
1`(357,89.02,0.09265,B)++
1`(358,94.22,0.1258,B)++
1`(359,96.74,0.05556,B)++
1`(360,65.27,0.04762,B)++
1`(361,75.79,0.05052,B)++
1`(362,86.82,0.01635,B)++
1`(363,92.94,0.05614,B)++
1`(364,87.82,0.08312,B)++
1`(365,117.2,0.09123,B)++
1`(366,93.76,0.06987,B)++
1`(369,93.85,0.08829,B)++
1`(373,104.5,0.08178,B)++
1`(376,99.16,0.06987,B)++
1`(377,113.1,0.1251,B)++
1`(378,76.51,0.1465,B)++
1`(379,97.11,0.05781,B)++
1`(380,97.96,0.1054,B)++
1`(382,84.93,0.1318,B)++
1`(383,79.73,0.06754,B)++
1`(384,87.36,0.1092,B)++
1`(385,95.23,0.09804,B)++
1`(386,96.59,0.09173,B)++
1`(388,87.65,0.0914,B)++
1`(389,99.66,0.04537,B)++
1`(390,79.73,0.08272,B)++
1`(392,73.23,0.06696,B)++
1`(393,64.01,0,B)++
1`(396,88.33,0.06266,B)++
1`(397,96.42,0.07911,B)++
1`(398,97.33,0.1453,B)++
1`(399,90.72,0.08296,B)++
1`(400,80.79,0.05556,B)++
1`(401,86,0.05356,B)++
